rank,index,url
1,1,https://baidu.com
2,93,http://bjjubao.org
3,86,http://report.12377.cn:13225/toreportinputNormal_anis.do
4,230,http://cnki.net
5,11,http://jianyi.baidu.com
6,185,http://ifeng.com
7,8,http://home.baidu.com
8,2,http://news.baidu.com
9,4,http://map.baidu.com
10,6,http://tieba.baidu.com
11,137,http://gmw.cn
12,5,http://v.baidu.com
13,10,http://baidu.com/duty
14,141,http://cac.gov.cn
15,106,http://baidu.com/more
16,96,http://app.hao123.com/app
17,92,http://cyberpolice.cn/wfjb
18,3,http://hao123.com
19,146,http://xyx.hao123.com
20,156,http://hao123.com/xingzuonew.html
21,157,http://hao123.com/gaoxiao
22,91,http://net.china.cn/chinese/index.htm
23,54,http://topics.gmw.cn/node_114815.htm
24,143,http://v.hao123.baidu.com/dianshi
25,144,http://v.hao123.baidu.com/zongyi
26,147,http://v.hao123.baidu.com/dianying
27,149,http://v.hao123.baidu.com/dongman
28,148,http://live.hao123.com
29,159,https://hao123.com/haoxue
30,160,http://hao123.com/exam
31,139,http://qstheory.cn
32,138,http://cnr.cn
33,140,http://youth.cn
34,130,http://people.com.cn
35,131,http://xinhuanet.com
36,135,http://china.com.cn
37,181,http://qq.com
38,182,http://163.com
39,209,http://4399.com
40,136,http://ce.cn
41,132,http://cctv.com
42,133,http://cri.cn
43,155,http://caipiao.hao123.com
44,121,http://tuijian.hao123.com
45,195,http://eastmoney.com
46,217,https://mail.qq.com
47,14,http://image.baidu.com
48,207,http://hao123.com/sports
49,15,http://wenku.baidu.com
50,145,http://game.hao123.com
51,161,http://hao123.com/stocknew
52,13,http://music.baidu.com
53,227,http://cmbchina.com
54,188,http://v.hao123.baidu.com
55,105,http://zhidao.baidu.com
56,154,http://tejia.hao123.com
57,7,http://baidu.com/bdorz/login.gif?login&tpl=mn&u=http%3A%2F%2Fbaidu.com%2f%3fbdorz_come%3d1
58,9,http://ir.baidu.com
59,180,http://sohu.com
60,21,http://fangtan.china.com.cn/2018-12/13/content_74259768.htm
61,134,http://cn.chinadaily.com.cn
62,20,http://politics.gmw.cn/2018-12/13/content_32163926.htm
63,23,http://news.gmw.cn/2018-12/13/content_32157433.htm
64,55,http://qstheory.cn/zt2017/xcgcdd19djs/index.htm
65,178,http://sina.com.cn
66,222,https://mail.sohu.com
67,150,http://hao123.com/manhua
68,179,https://weibo.com
69,221,http://mail.sina.com.cn
70,183,http://iqiyi.com
71,203,http://youku.com
72,223,http://icbc.com.cn/icbc
73,196,http://hao123.com/licai
74,285,http://hao123.com/licaishuju
75,273,http://life.hao123.com/health
76,12,https://zhidao.baidu.com
77,16,http://jian.news.baidu.com
78,17,http://xinhuanet.com/politics/leaders/2018-12/13/c_1210015116.htm
79,18,http://xinhuanet.com/politics/leaders/2018-12/13/c_1123849745.htm
80,19,http://xinhuanet.com//2018-12/13/c_1123847871.htm
81,22,http://news.ifeng.com/mainland/special/ggkf40znzsjs
82,24,http://opinion.huanqiu.com/editorial/2018-12/13785734.html
83,25,http://xinhuanet.com/2018-12/12/c_1123843904.htm
84,26,http://xinhuanet.com/politics/2018-12/13/c_1123846649.htm
85,27,http://news.cctv.com/2018/12/13/ARTIVv8jLsLjI7YOXHLqSCET181213.shtml
86,28,https://xinwen.eastday.com/a/n181213183717076.html?qid=news.baidu.com
87,29,https://3w.huanqiu.com/a/c36dc8/7IBoOVVXgYw?agt=8
88,30,http://news.ifeng.com/a/20181213/60191712_0.shtml?_zbs_baidu_news
89,31,https://finance.ifeng.com/c/7ibPZoSgYng?_zbs_baidu_news
90,32,http://news.ifeng.com/a/20181213/60191838_0.shtml?_zbs_baidu_news
91,33,http://news.ifeng.com/a/20181213/60191848_0.shtml?_zbs_baidu_news
92,34,http://news.ifeng.com/a/20181213/60191878_0.shtml?_zbs_baidu_news
93,35,http://news.ifeng.com/a/20181213/60191771_0.shtml?_zbs_baidu_news
94,36,http://news.ifeng.com/a/20181213/60191283_0.shtml?_zbs_baidu_news
95,37,https://3w.huanqiu.com/a/21eee3/7IBKuSI6oyk?agt=8
96,38,https://3w.huanqiu.com/a/c36dc8/7IBm3zwBF8Q?agt=8
97,39,https://3w.huanqiu.com/a/3458fa/7IByF0yJc7C?agt=8
98,40,http://chinanews.com/gj/2018/12-13/8701316.shtml
99,41,http://news.ifeng.com/a/20181213/60191657_0.shtml?_zbs_baidu_news
100,42,https://3w.huanqiu.com/a/621e1c/7IBDycVLrsQ?agt=8
101,43,http://news.ifeng.com/a/20181213/60191409_0.shtml?_zbs_baidu_news
102,44,http://travel.ifeng.com/a/20181213/45260764_0.shtml?_zbs_baidu_news
103,45,https://finance.ifeng.com/c/7ibRHZt1wDg?_zbs_baidu_news
104,46,https://news.ifeng.com/c/7ibTiBhAMsK?_zbs_baidu_news
105,47,https://xinwen.eastday.com/a/181213202341680.html?qid=news.baidu.com
106,48,http://news.ifeng.com/a/20181213/60191711_0.shtml?_zbs_baidu_news
107,49,https://xinwen.eastday.com/a/n181213212118680.html?qid=news.baidu.com
108,50,http://news.ifeng.com/a/20181213/60191248_0.shtml?_zbs_baidu_news
109,51,http://news.ifeng.com/a/20181212/60191343_0.shtml?_zbs_baidu_news
110,52,http://news.ifeng.com/a/20181213/60191448_0.shtml?_zbs_baidu_news
111,53,https://3w.huanqiu.com/a/a4d1ef/7IBxmLFrjfW?agt=8
112,56,https://baidu.com/s?wd=%E4%B9%A0%E8%BF%91%E5%B9%B3%E4%B8%BB%E6%8C%81%E4%B8%AD%E5%A4%AE%E6%94%BF%E6%B2%BB%E5%B1%80%E4%BC%9A%E8%AE%AE
113,57,https://baidu.com/s?wd=%E4%B9%A0%E8%BF%91%E5%B9%B3%E4%B8%BB%E6%8C%81%E5%85%9A%E5%A4%96%E4%BA%BA%E5%A3%AB%E5%BA%A7%E8%B0%88%E4%BC%9A%E5%8F%91%E8%A1%A8%E9%87%8D%E8%A6%81%E8%AE%B2%E8%AF%9D
114,58,https://baidu.com/s?wd=%E5%8D%97%E4%BA%AC%E5%A4%A7%E5%B1%A0%E6%9D%80%E6%AD%BB%E9%9A%BE%E8%80%85%E5%9B%BD%E5%AE%B6%E5%85%AC%E7%A5%AD%E6%97%A5
115,59,https://baidu.com/s?wd=%E7%89%B9%E8%95%BE%E8%8E%8E%E6%A2%85%E4%BF%9D%E4%BD%8F%E9%A6%96%E7%9B%B8
116,60,https://baidu.com/s?wd=%E4%BA%AC%E7%96%86%E5%A4%A7%E6%88%98
117,61,https://baidu.com/s?wd=%E9%AB%98%E9%80%9A%E4%B8%93%E5%88%A9%E5%A4%A7%E6%88%98%E5%8D%87%E7%BA%A7
118,62,https://baidu.com/s?wd=%E6%97%A5%E6%9C%AC201%E5%B9%B4%E5%BA%A6%E6%B1%89%E5%AD%97
119,63,https://baidu.com/s?wd=%E5%8A%A0%E6%8B%BF%E5%A4%A7%E9%B9%85%E6%9A%B4%E8%B7%8C
120,64,https://baidu.com/s?wd=%E5%9B%BD%E4%BC%81%E5%9B%9E%E5%BA%94%E5%A8%83%E5%A8%83%E9%AB%98%E7%AE%A1
121,65,https://baidu.com/s?wd=%E5%BE%B7%E5%9B%BD%E5%B7%A7%E5%85%8B%E5%8A%9B%E6%B3%84%E9%9C%B2
122,66,http://baijiahao.baidu.com/s?id=1619690247277020168
123,67,http://baijiahao.baidu.com/s?id=1619697708424396008
124,68,http://baijiahao.baidu.com/s?id=1619694273531439559
125,69,http://baijiahao.baidu.com/s?id=1619659285685398621
126,70,http://baijiahao.baidu.com/s?id=1619691014544105561
127,71,http://baijiahao.baidu.com/s?id=1619691905545133612
128,72,http://baijiahao.baidu.com/s?id=1619646139032525354
129,73,http://baijiahao.baidu.com/s?id=1619692209471332700
130,74,http://baijiahao.baidu.com/s?id=1619653655265853187
131,75,http://baijiahao.baidu.com/s?id=1619696097207903278
132,76,http://baijiahao.baidu.com/s?id=1619629260880435968
133,77,http://baijiahao.baidu.com/s?id=1619700910084415752
134,78,http://baijiahao.baidu.com/s?id=1619702132680806282
135,79,http://baijiahao.baidu.com/s?id=1619703257352630691
136,80,http://baijiahao.baidu.com/s?id=1619690355572188323
137,81,http://baijiahao.baidu.com/s?id=1619699953609863412
138,82,http://baijiahao.baidu.com/s?id=1619695467571348869
139,83,http://baijiahao.baidu.com/s?id=1619699334002926538
140,84,http://baijiahao.baidu.com/s?id=1619692939462971439
141,85,http://baijiahao.baidu.com/s?id=1619702271369281889
142,87,http://downpack.baidu.com/baidunews_AndroidPhone_1014720b.apk
143,88,https://itunes.apple.com/cn/app/id482820737
144,89,https://news.baidu.com/z/resource/wap/protocol/baidu_news_protocol.html
145,90,https://baidu.com/duty/wise/wise_secretright.html
146,94,https://s.click.taobao.com/t?e=m%3D2%26s%3D7WCg0%2BpzKwgcQipKwQzePCperVdZeJviK7Vc7tFgwiFRAdhuF14FMa2XsNgKZ%2BOxt4hWD5k2kjP%2FTrTNBNETjAtOHPHN0vssKO4N%2F%2F7xLcVZMTj583r1vqUuZxIcp9pfUIgVEmFmgnaR4ypTBJBwtC8UTyjdhQwHJPwiig1bxLMnyi1UQ%2F17I10hO9fBPG8oXH%2BQH9e66Y4%3D
147,95,https://pan.baidu.com
148,97,http://dl.hao123.com/waphao123/n_apk/hao1231019956s.apk
149,98,http://hao123.com/redian/sheshouyef.htm
150,99,http://baidu.com/s?word=%E5%90%89%E6%9E%97%E9%95%BF%E6%98%A5%E4%B8%80%E5%91%A8%E5%A4%A9%E6%B0%94%E9%A2%84%E6%8A%A5&tn=50000069_hao_pg&ie=utf-8
151,100,http://baidu.com/s?word=%E5%90%89%E6%9E%97%E9%95%BF%E6%98%A5%E5%A4%A9%E6%B0%94&tn=50000069_hao_pg&ie=utf-8
152,101,http://baidu.com/s?word=%E5%90%89%E6%9E%97%E9%95%BF%E6%98%A5%E6%98%8E%E5%A4%A9%E5%A4%A9%E6%B0%94&tn=50000069_hao_pg&ie=utf-8
153,102,http://baidu.com/s?word=%E6%97%A5%E5%8E%86&tn=50000072_hao_pg&ie=utf-8
154,103,http://baidu.com/s?word=%E5%86%9C%E5%8E%86%E6%9F%A5%E8%AF%A2&tn=50000072_hao_pg&ie=utf-8
155,104,https://baidu.com/s?word=%E6%98%9F%E5%BA%A7%E8%BF%90%E5%8A%BF&tn=50000072_hao_pg&ie=utf-8
156,107,http://top.baidu.com/buzz?b=1
157,108,http://baidu.com/s?word=%E5%88%98%E5%BE%B7%E5%8D%8E%E5%85%AC%E5%8F%B8+%E6%AC%BA%E9%AA%97&tn=50000028_hao_pg&ie=utf-8'
158,109,http://baidu.com/s?word=%E8%96%9B%E4%B9%8B%E8%B0%A6%E5%9B%9E%E5%BA%94%E8%A2%AB%E8%AF%AF%E8%AE%A4&tn=50000028_hao_pg&ie=utf-8'
159,110,http://baidu.com/s?word=%E6%97%A5%E6%9C%AC2018%E5%B9%B4%E5%BA%A6%E6%B1%89%E5%AD%97&tn=50000028_hao_pg&ie=utf-8'
160,111,http://baidu.com/s?word=%E9%AB%98%E9%80%9A%E4%B8%93%E5%88%A9%E5%A4%A7%E6%88%98%E5%8D%87%E7%BA%A7&tn=50000028_hao_pg&ie=utf-8'
161,112,http://baidu.com/s?word=%E7%A1%AC%E7%85%A7%E9%AC%BC%E6%89%8D%E6%B2%88%E8%85%BE&tn=50000028_hao_pg&ie=utf-8'
162,113,http://baidu.com/s?word=%E4%B8%89%E5%B2%81%E5%B0%8F%E5%91%A8%E5%91%A8%E8%BA%AB%E9%AB%98&tn=50000028_hao_pg&ie=utf-8'
163,114,http://baidu.com/s?word=%E4%B8%A4%E4%BB%A3%E4%BB%A4%E5%A6%83%E5%90%8C%E5%8F%B0&tn=50000028_hao_pg&ie=utf-8'
164,115,http://baidu.com/s?word=%E5%AB%A6%E5%A8%A5%E5%9B%9B%E5%8F%B7%E5%A4%AA%E7%A9%BA%E5%88%B9%E8%BD%A6&tn=50000028_hao_pg&ie=utf-8'
165,116,http://baidu.com/s?word=%E6%AD%BC5%E5%8F%91%E5%8A%A8%E6%9C%BA%E7%A0%B4%E5%86%B0&tn=50000028_hao_pg&ie=utf-8'
166,117,http://baidu.com/s?word=%E7%AC%AC%E4%BA%94%E4%B8%AA%E5%9B%BD%E5%AE%B6%E5%85%AC%E7%A5%AD%E6%97%A5&tn=50000028_hao_pg&ie=utf-8'
167,118,http://baidu.com/s?word=%E4%B8%8D%E7%9F%A5%E7%88%B9%E5%AF%8C%E7%8E%8B%E6%80%9D%E8%81%AA&tn=50000028_hao_pg&ie=utf-8'
168,119,http://baidu.com/s?word=%E8%B0%83%E4%BE%83%E9%BB%84%E6%B8%A4%E4%B8%91%E5%B8%85%E7%94%B7%E6%98%9F&tn=50000028_hao_pg&ie=utf-8'
169,120,http://baidu.com/s?word=%E5%8A%A0%E6%8B%BF%E5%A4%A7%E9%B9%85%E6%9A%B4%E8%B7%8C&tn=50000028_hao_pg&ie=utf-8'
170,122,http://baidu.com/s?word=%E6%AE%B4%E6%89%93%E5%90%8C%E5%AD%A6%E6%97%B6%E7%8C%9D%E6%AD%BB&tn=sitehao123_10_pg&ie=utf-8
171,123,http://baidu.com/s?word=%E7%AB%A5%E7%91%B6%E5%83%8F%E7%AB%A0%E5%AD%90%E6%80%A1&tn=sitehao123_10_pg&ie=utf-8
172,124,http://baidu.com/s?word=%E5%BE%B7%E5%9B%BD%E5%B7%A7%E5%85%8B%E5%8A%9B%E6%B3%84%E9%9C%B2&tn=sitehao123_10_pg&ie=utf-8
173,125,http://baidu.com/s?word=%E6%B2%83%E5%B0%94%E6%B2%83S90&tn=sitehao123_10_pg&ie=utf-8
174,126,http://baidu.com/s?word=%E5%A8%87%E5%A6%BB%E6%8B%BF%E6%8A%B5%E6%8A%BC%E6%AC%BE%E6%B6%88%E5%A4%B1&tn=sitehao123_10_pg&ie=utf-8
175,127,http://baidu.com/s?word=%E8%8B%8F%E6%89%93%E7%BB%BF%E9%A6%A8%E4%BB%AA%E7%94%9F%E5%AD%90&tn=sitehao123_10_pg&ie=utf-8
176,128,http://baidu.com/s?word=%E4%BC%8A%E8%83%BD%E9%9D%99%E6%9B%9D%E5%84%BF%E5%AD%90%E7%97%85%E5%9B%A0&tn=sitehao123_10_pg&ie=utf-8
177,129,http://baidu.com/s?word=31%E5%B2%81%E5%84%BF%E5%AD%90%E6%AF%8F%E5%A4%A9%E6%89%AE%E9%AB%98%E4%B8%AD%E7%94%9F&tn=sitehao123_10_pg&ie=utf-8
178,142,http://221.8.13.155:8099
179,151,https://tuijian.hao123.com
180,152,https://tuijian.hao123.com/ent
181,153,http://go.hao123.com/sales?tn=mxlm
182,158,http://hao123.zongheng.com
183,162,https://hao123.com/licai
184,163,http://news.ifeng.com/a/20181213/60191297_0.shtml
185,164,https://news.qq.com/a/20181213/006180.htm
186,165,http://news.ifeng.com/a/20181213/60191567_0.shtml?_zbs_hao123_pic
187,166,http://news.ifeng.com/a/20181213/60191636_0.shtml?_zbs_hao123_pic2
188,167,https://new.qq.com/omn/20181212/20181212A12DCO.html
189,168,http://news.ifeng.com/a/20181212/60191471_0.shtml?_zbs_hao123_pic1
190,169,http://bbs.miercn.com/hao123tj_3rd/201812/2011919.html
191,170,https://mini.eastday.com/a/n181213143101974.html?qid=hao123tj
192,171,https://hao123.com/mid?from=shoubai&key=9733548258192800598
193,172,https://hao123.com/mid?from=shoubai&key=10203102915222562889
194,173,https://hao123.com/mid?from=shoubai&key=9227475959697376074
195,174,http://bbs.miercn.com/hao123tj_2pic/201812/2012195.html
196,175,http://bbs.miercn.com/hao123tj_2pic/201812/2012193.html
197,176,https://hao123.com/mid?from=shoubai&key=14005830964727213081
198,177,http://baidu.com/?tn=sitehao123_15
199,184,https://s.click.taobao.com/t?e=m%3D2%26s%3DAEbl0R9BF2IcQipKwQzePCperVdZeJviK7Vc7tFgwiFRAdhuF14FMYyfLH5Tv3XTJ1gyddu7kN%2F%2FTrTNBNETjAtOHPHN0vssHfUpkfuR0QZ9cgxTSFmAfKUuZxIcp9pfUIgVEmFmgnbDX0%2BHH2IEVa7A5ve%2FEYDnFveQ9Ld2jopwTqWNBsAwm%2BIKl4JSR4lzxgxdTc00KD8%3D
200,186,https://taobao.com
201,187,https://map.baidu.com/?third_party=hao123
202,189,https://union-click.jd.com/jdc?d=iEZf6v
203,190,https://suning.com/?utm_source=hao123&utm_medium=mingzhan
204,191,https://e.cn.miaozhen.com/r/k=2090149&p=7GkuN&dx=__IPDX__&rt=2&ns=__IP__&ni=__IESID__&v=__LOC__&xa=__ADPLATFORM__&tr=__REQUESTID__&vo=378b047a0&vr=2&o=http%3A%2F%2Fmp.xin.com%2Fjump.html%3Fs%3D%26c%3D%26type%3Dpcindex%26channel%3Da90b199c46286d190734e2211253f513
205,192,https://douyu.com
206,193,http://12306.cn
207,194,https://s.click.taobao.com/JREwLKw
208,197,http://jump.luna.58.com/s?spm=b-31580022738699-me-f-862&ch=mingzhan
209,198,https://fang.com
210,199,http://u.ctrip.com/union/CtripRedirect.aspx?TypeID=2&Allianceid=1630&sid=1911&OUID=&jumpUrl=http://ctrip.com
211,200,http://chsi.com.cn
212,201,http://go.hao123.com/?tn=mz
213,202,http://sempage.guazi.com/market/redirect?ca_s=dh_hao123llq&ca_n=hao123mzpc&platform=1&scode=10104346512
214,204,https://booking.com/index.html?aid=1337411
215,205,https://qbd.qunar.com/?jumphost=https://qunar.com&ex_track=auto_58c11276
216,206,http://tuijian.hao123.com/?type=rec
217,208,https://baidu.com/s?word=NBA&tn=50000014_hao_pg&ie=utf-8
218,210,https://baidu.com/s?word=%E5%8F%8C%E8%89%B2%E7%90%83&tn=50000103_hao_pg&ie=utf-8
219,211,https://s.click.taobao.com/JAoMSJw
220,212,https://s.click.taobao.com/46EwLKw
221,213,http://tianya.cn
222,214,http://zhihu.com
223,215,https://bilibili.com
224,216,https://zhibo8.cc
225,218,http://mail.163.com
226,219,http://mail.126.com
227,220,http://mail.10086.cn
228,224,http://ccb.com
229,225,http://abchina.com
230,226,http://boc.cn
231,228,http://bankcomm.com
232,229,http://psbc.com
233,231,http://music.163.com
234,232,https://s.click.taobao.com/2nDBzKw
235,233,https://baidu.com/s?word=%E6%97%A0%E6%81%AF%E8%B4%B7%E6%AC%BE&tn=50000056_hao_pg&ie=utf-8
236,234,https://baidu.com/s?word=%E9%AB%98%E8%96%AA%E6%8B%9B%E8%81%98&tn=50000056_hao_pg&ie=utf-8
237,235,https://baidu.com/s?word=10%E4%B8%87%E5%A5%BD%E8%BD%A6&tn=50000056_hao_pg&ie=utf-8
238,236,https://baidu.com/s?word=%E5%AE%B6%E8%A3%85%E8%AE%BE%E8%AE%A1&tn=50000056_hao_pg&ie=utf-8
239,237,https://baidu.com/s?word=%E5%BE%AE%E5%95%86%E5%AE%A2%E6%BA%90&tn=50000056_hao_pg&ie=utf-8
240,238,https://baidu.com/s?word=%E7%BE%8E%E5%9B%BD%E4%BA%A7%E5%AD%90&tn=50000056_hao_pg&ie=utf-8
241,239,https://game.hao123.com
242,240,https://baidu.com/s?word=%E9%AD%94%E5%9F%9F%E6%B0%B8%E6%81%92&tn=50000016_hao_pg&ie=utf-8
243,241,https://baidu.com/s?word=%E5%B1%A0%E9%BE%99%E8%8D%A3%E8%80%80&tn=50000016_hao_pg&ie=utf-8
244,242,https://baidu.com/s?word=%E8%A5%BF%E6%B8%B8%E9%9B%B6%E7%BA%AA%E5%85%83&tn=50000016_hao_pg&ie=utf-8
245,243,https://baidu.com/s?word=%E8%93%9D%E6%9C%88%E4%BC%A0%E5%A5%87&tn=50000016_hao_pg&ie=utf-8
246,244,https://baidu.com/s?word=17%E6%B8%B8%E6%88%8F%E5%A4%A7%E5%85%A8&tn=50000016_hao_pg&ie=utf-8
247,245,https://baidu.com/s?word=%E4%B9%BE%E5%9D%A4%E6%88%98%E7%BA%AA&tn=50000016_hao_pg&ie=utf-8
248,246,https://baidu.com/s?word=%E9%AD%94%E5%85%BD%E4%B8%96%E7%95%8C&tn=50000016_hao_pg&ie=utf-8
249,247,https://baidu.com/s?word=%E5%B1%A0%E9%BE%99%E6%94%BB%E6%B2%99&tn=50000016_hao_pg&ie=utf-8
250,248,https://s.click.taobao.com/qvi0lew
251,249,https://v.6.cn/?src=z9weij1159
252,250,https://suning.com/?utm_source=hao123&utm_medium=cnxhic2
253,251,https://baidu.com/s?word=7%E5%BA%A7%E5%AE%B6%E7%94%A8%E8%BD%A6&tn=50000017_hao_pg&ie=utf-8
254,252,https://baidu.com/s?word=%E6%B8%B8%E6%88%8F%E6%89%8B%E6%9C%BA&tn=50000017_hao_pg&ie=utf-8
255,253,https://baidu.com/s?word=%E7%83%AD%E9%94%80SUV&tn=50000017_hao_pg&ie=utf-8
256,254,https://baidu.com/s?word=%E5%A4%A7%E4%BC%97%E6%96%B0%E6%AC%BE&tn=50000017_hao_pg&ie=utf-8
257,255,https://baidu.com/s?word=%E6%89%8B%E6%9C%BA%E5%9B%9E%E6%94%B6&tn=50000017_hao_pg&ie=utf-8
258,256,https://anjuke.com/?pi=navi-hao123-cnxh
259,257,https://renrenche.com/ershouche/?fr=hao123&tg_aid=10029701
260,258,https://ke.com/ershoufang?utm_source=hao123&utm_medium=navi&utm_term=cainixihuan&utm_content=paid&utm_campaign=pc
261,259,https://baidu.com/s?word=%E4%B8%80%E6%88%90%E8%B4%AD%E8%BD%A6&tn=50000019_hao_pg&ie=utf-8
262,260,https://baidu.com/s?word=%E7%B2%BE%E9%80%89%E4%BA%8C%E6%89%8B%E8%BD%A6&tn=50000019_hao_pg&ie=utf-8
263,261,https://baidu.com/s?word=%E4%BA%8C%E6%89%8B%E5%A5%BD%E8%BD%A6&tn=50000019_hao_pg&ie=utf-8
264,262,https://baidu.com/s?word=%E7%B2%BE%E8%A3%85%E4%B8%89%E5%B1%85%E5%AE%A4&tn=50000019_hao_pg&ie=utf-8
265,263,https://baidu.com/s?word=%E7%83%AD%E9%94%80%E6%A5%BC%E7%9B%98&tn=50000019_hao_pg&ie=utf-8
266,264,http://redirect.simba.taobao.com/rd?c=un&w=bd&f=https%3A%2F%2Fai.taobao.com%2F%3Fpid%3Dmm_26632322_6858406_121586238&k=3e8e7ae3f29b7029&p=mm_26632322_6858406_121586238
267,265,https://baidu.com/s?word=%E5%90%8D%E4%BC%81%E6%8B%9B%E8%81%98&tn=50000020_hao_pg&ie=utf-8
268,266,https://baidu.com/s?word=%E7%83%AD%E9%97%A8%E8%81%8C%E4%BD%8D&tn=50000020_hao_pg&ie=utf-8
269,267,https://baidu.com/s?word=%E5%B0%8F%E8%AF%AD%E7%A7%8D%E5%AD%A6%E4%B9%A0&tn=50000020_hao_pg&ie=utf-8
270,268,https://baidu.com/s?word=%E9%9B%85%E6%80%9D%E5%8F%A3%E8%AF%AD&tn=50000020_hao_pg&ie=utf-8
271,269,https://baidu.com/s?word=%E8%87%AA%E8%80%83%E6%9C%AC%E7%A7%91&tn=50000020_hao_pg&ie=utf-8
272,270,https://baidu.com/s?word=%E5%A4%96%E6%95%99%E4%B8%80%E5%AF%B9%E4%B8%80&tn=50000020_hao_pg&ie=utf-8
273,271,https://baidu.com/s?word=%E9%AB%98%E8%96%AA%E8%81%8C%E4%BD%8D&tn=50000020_hao_pg&ie=utf-8
274,272,https://baidu.com/s?word=%E6%A0%A1%E5%9B%AD%E6%8B%9B%E8%81%98&tn=50000020_hao_pg&ie=utf-8
275,274,https://baidu.com/s?word=%E8%BF%91%E8%A7%86%E7%9C%BC%E7%9F%AB%E6%AD%A3&tn=50000018_hao_pg&ie=utf-8
276,275,https://baidu.com/s?word=1%E6%8A%98%E8%A1%A5%E7%89%99&tn=50000018_hao_pg&ie=utf-8
277,276,https://baidu.com/s?word=%E9%9A%90%E5%BD%A2%E7%89%99%E5%A5%97&tn=50000018_hao_pg&ie=utf-8
278,277,https://baidu.com/s?word=%E8%B6%85%E5%A3%B0%E6%B3%A2%E6%B4%81%E7%89%99&tn=50000018_hao_pg&ie=utf-8
279,278,https://baidu.com/s?word=%E7%BE%8E%E7%99%BD%E7%A5%9B%E6%96%91&tn=50000018_hao_pg&ie=utf-8
280,279,https://baidu.com/s?word=%E7%83%A4%E7%93%B7%E7%89%99%E4%BC%98%E6%83%A0&tn=50000018_hao_pg&ie=utf-8
281,280,https://baidu.com/s?word=%E5%84%BF%E7%AB%A5%E4%BF%9D%E5%81%A5&tn=50000018_hao_pg&ie=utf-8
282,281,https://baidu.com/s?word=%E4%B8%AD%E5%8C%BB%E5%87%8F%E8%82%A5&tn=50000018_hao_pg&ie=utf-8
283,282,https://s.click.taobao.com/9GILCKw
284,283,http://hao123.com/zt/xzmzyd
285,284,http://soft.hao123.com/?=shouye
286,286,https://s.click.taobao.com/3m9vLKw
287,287,http://58pic.com
288,288,https://chaoshi.suning.com/?utm_source=hao123&utm_medium=gouwu
289,289,https://wx.qq.com
290,290,http://chinajilin.com.cn
